,c1,c2,r1,r2,w1,90th percentile max_p,10th percentile reliability,10th percentile inertia,10th percentile utility
0,-0.36695238242273626,1.2872154745650792,1.0584390437500042,0.18310911146617953,0.3085216671038818,7.318681541280141,0.04881999999999994,0.9900000000000034,0.6493880970179642
1,0.5785786076750319,0.5127847292153414,1.593980775976507,1.538031468794627,0.9798832878502859,7.319295042116548,0.17747333333333354,0.9753466666666633,0.1771473784342549
2,0.2572584962228963,-1.6846643340368332,1.8370141479500013,1.948663477221392,0.9067659179453109,7.319549396034459,0.050059999999999945,0.9900000000000034,0.6069554709386897
3,0.5854690243037435,0.7249349590599136,1.7970500409787429,1.3370104671379868,0.9968820517255107,7.3188507611773055,0.20138666666666682,0.9752999999999966,0.15275004878256535
4,-0.22371475845004912,-1.1965182829380974,1.6125754799400909,1.9392622193578983,0.9713839932075901,7.319172821752998,0.12504666666666672,0.9796533333333296,0.30641465611365426
5,0.2982132599686107,-0.2832642014422535,1.808468111751247,1.137158171837633,0.4645831755124158,7.319017978452256,0.1007133333333333,0.9785533333333297,0.394008795784395
6,0.5174461586591707,0.614967400720035,1.5893713370885707,1.1639898972762928,0.6781802602224553,7.319002249421863,0.15041333333333323,0.9759533333333299,0.21445481474905762
7,-0.36411947617605817,-0.848128114262525,1.717008504426422,1.1778668421698961,0.966906138346606,7.3189810566740325,0.07509999999999983,0.983106666666665,0.49402579769176613
8,0.4899889773530437,0.4841203834481024,1.8695245670452487,0.8276296685103077,0.964491419022082,7.319059767590259,0.22630000000000006,0.9750866666666633,0.1256958202809507
