,c1,c2,r1,r2,w1,90th percentile max_p,10th percentile reliability,10th percentile inertia,10th percentile utility
0,-0.200327699062278,-0.7583438759608603,1.0851803675695646,1.1766476197583258,0.966906138346606,7.319729479355596,0.0767799999999998,0.9727199999999969,0.49363122548678534
1,0.09356681905726694,0.9794667093875247,1.8370141479500013,1.9251578409183177,0.9473466225034464,7.319756842366592,0.24009333333333335,0.9729133333333302,0.10183880970179633
2,-0.12324174287550616,0.16664145378699002,1.6233720936444669,1.965605811073804,0.9711551694395242,7.319253850140392,0.21943333333333345,0.9756599999999965,0.10183880970179633
3,0.29715577217234124,-0.9430965672887686,1.292431183377792,1.7405408983937423,0.9026523280487534,7.319873764595492,0.11033333333333349,0.9797399999999963,0.27870059659758756
4,-0.21689759437956724,0.288735509279777,0.9304200252102235,0.20534544826853773,0.21987929557510855,7.319756645998788,0.05985999999999986,0.9753666666666633,0.48151708972546364
5,-0.931016366685415,1.361497057790881,1.810624423986603,0.254373379118908,0.5782240999808932,7.318932818016582,0.04899999999999994,0.9900000000000034,0.6493880970179642
6,-0.40657185094692405,0.7857391218941276,1.9413049997539455,1.1371043525293538,0.9074920251731751,7.31938506732835,0.08029999999999975,0.9831533333333319,0.42109031602031244
