,c1,c2,r1,r2,w1,90th percentile max_p,10th percentile reliability,10th percentile inertia,10th percentile utility
0,-0.12324174287550616,0.16664145378699002,1.850106130341606,1.965605811073804,0.9608934431761008,7.319210442905151,0.23309999999999992,0.9751466666666634,0.10183880970179633
1,-0.36695238242273626,1.2872154745650792,1.0584390437500042,0.18310911146617953,0.3085216671038818,7.318681541280141,0.04881999999999994,0.9900000000000034,0.6493880970179642
2,-0.4643766748200622,0.16827557067030316,1.6717065340715096,0.4334173955856839,0.8779857576914551,7.319365055719725,0.0763599999999998,0.9799066666666633,0.49113521913413066
3,0.4899889773530437,1.0807504373932997,1.8358657125883928,1.9216391997478235,0.9422889990527781,7.319816092088428,0.21155333333333368,0.9746466666666632,0.14101026910429135
4,0.5785786076750319,0.5127847292153414,1.593980775976507,1.538031468794627,0.9798832878502859,7.319295042116548,0.17747333333333354,0.9753466666666633,0.1771473784342549
5,-0.2376435856127057,-0.7583438759608603,1.8175045763060989,1.2542992097714711,0.9680494219188702,7.319459214887393,0.12620666666666672,0.9802199999999965,0.29723432803988253
6,0.2572584962228963,-1.6846643340368332,1.8370141479500013,1.948663477221392,0.9067659179453109,7.319549396034459,0.050059999999999945,0.9900000000000034,0.6069554709386897
7,0.5785786076750319,0.9033453307007719,1.533725204881749,1.4108253536518351,0.9682242754643425,7.318772378027399,0.15411333333333313,0.97549333333333,0.20527169905602027
8,-0.3432122421528755,-0.4966761587656716,1.6846444399457743,1.2801569777303987,0.9506828348452011,7.319845823780568,0.10009999999999994,0.979906666666663,0.39047435307440265
